panel,reference,mae_change_percent,mse_change_percent,mae_station_wins,mse_station_wins,mae_loso_min,mae_loso_max,mse_loso_min,mse_loso_max
beijing/natural_outage_h24,native_peer,-26.809158761998898,-43.86660060799335,10,10,-29.52658225751029,-24.615056649848167,-47.89592621083637,-40.46516969038745
beijing/natural_outage_h24,native_long_prefix_peer,-19.962578179990153,-31.902967269726958,9,9,-23.216101152022983,-17.627704957156677,-37.41808998728998,-27.51983964889512
beijing/natural_outage_h24,native_long_prefix_targets,-27.482011480409017,-44.460502266039704,10,10,-30.625463595697155,-25.433668829273927,-49.828749913240024,-41.09283219580225
beijing/natural_outage_h24,linear_var_direct,-10.506064935119841,-19.430989730961713,9,10,-12.085123077543269,-8.506693292253509,-23.38178873865099,-16.509848869782772
beijing/natural_outage_h24,half_var_native_long_prefix_peer,-5.984716470217865,-7.256499185164456,9,8,-7.521357998770217,-4.911130701660305,-9.685151573553853,-5.404633673169124
beijing/natural_outage_h24,half_var_native_long_prefix_targets,-10.728695057531645,-16.01852682886028,9,10,-12.559776189836047,-8.878002326398315,-20.29917057045527,-13.302126726007302
beijing/natural_outage_h24,half_var_target_knn_multivariate,-2.2538228886642364,-7.456193254591792,8,10,-3.9610372814883332,-1.4230411224461226,-9.236196696558185,-6.169127417276011
beijing/natural_outage_h24,long_repair_gaussian_peer,-0.9531281302946337,-3.065066828030172,5,5,-2.659263342658391,0.5838857901614647,-6.918933668437677,2.134491756538681
beijing/natural_outage_h24,half_var_long_repair_gaussian_peer,-0.029794533455285155,-0.18559762423152604,5,5,-0.08914635068908439,0.05889874459559241,-0.3101341805928026,-0.02300978877927129
beijing/natural_outage_h24,half_var_long_repair_knn_multivariate_peer,-0.16046864167502672,0.2529146183320785,5,5,-1.0655951805887631,0.588462772788545,-0.602062277273141,1.5900889403138052
beijing/natural_outage_h24,long_repair_local_ridge_targets,-24.737262092932234,-44.01418962336551,9,9,-28.44701924188665,-19.82583035440061,-49.48067883399207,-36.13710416134146
beijing/natural_outage_h24,corruption_lora,-23.416858932037698,-41.72200030425899,9,9,-26.976881821714947,-18.36450862084237,-46.55848126097135,-36.14776464694134
beijing/natural_outage_h24,peer_ridge,-9.888141322505884,-21.737353038113305,10,10,-11.706934527355827,-7.418443113329321,-25.267054422405387,-18.146212860086784
beijing/natural_outage_h24,half_var_peer_ridge,-2.8710875158438287,-8.836358699210079,8,11,-3.8079785085807005,-2.2027289483636414,-9.99648184823374,-8.017288082619489
beijing/natural_outage_h24,local_ridge,-22.55376335019911,-38.548992977954065,9,9,-25.32254646524057,-19.981962489960935,-43.537763392047744,-35.18187420618055
beijing/synthetic_outage_h24,native_peer,-23.958977046276473,-35.06009318436585,12,12,-26.46016805876653,-19.50904649343751,-39.135158045687625,-29.159573959939365
beijing/synthetic_outage_h24,native_long_prefix_peer,-5.31629558524579,-5.240088587435176,7,7,-8.486682394149781,0.2574751349076365,-12.47232257057882,17.386371278487655
beijing/synthetic_outage_h24,native_long_prefix_targets,-7.00550142307399,-23.475091460108445,7,6,-12.220046936468377,2.1560768351170934,-31.00523290957219,-7.311923333412684
beijing/synthetic_outage_h24,linear_var_direct,-4.787480094052143,-1.5779824860698177,9,8,-6.006184767655121,-3.8537987523156625,-3.6403323324216696,0.3976664529446561
beijing/synthetic_outage_h24,half_var_native_long_prefix_peer,-0.6802019651608093,4.142151204569733,7,5,-2.8133972580537514,3.338612805368757,-0.4113920378778002,16.527922501634016
beijing/synthetic_outage_h24,half_var_native_long_prefix_targets,2.2906623757599887,8.917290941141065,6,5,-0.8496434963446431,8.002477877354597,2.0267868467805483,26.258964897201054
beijing/synthetic_outage_h24,half_var_target_knn_multivariate,-5.072443242071367,-10.972958415206858,9,10,-5.847152317453553,-3.493259307635821,-11.76183004239032,-9.068131958897718
beijing/synthetic_outage_h24,long_repair_gaussian_peer,0.3453371520011128,-6.259596271685741,4,8,-0.6670338529818909,1.6746967381096045,-7.682251356721681,-4.443652391551145
beijing/synthetic_outage_h24,half_var_long_repair_gaussian_peer,0.021308155898425163,0.09786147098356235,6,3,-0.06121224932857938,0.1060846512113578,-0.028618832373439318,0.31394843594312327
beijing/synthetic_outage_h24,half_var_long_repair_knn_multivariate_peer,-0.6633944890623522,-2.032100316902008,6,7,-1.6511237618982877,1.2159945732391098,-3.584284801722204,1.0408604085949458
beijing/synthetic_outage_h24,long_repair_local_ridge_targets,24.321291247370922,49.75162201702539,3,3,19.99812981475706,28.292190733572564,40.934655180453476,62.315832605552444
beijing/synthetic_outage_h24,corruption_lora,-22.57116233983938,-41.11954098342535,12,12,-24.488163194605605,-19.88508835103233,-43.487576908892954,-37.82828201870061
beijing/synthetic_outage_h24,peer_ridge,-8.809173718147878,-24.066700771855853,10,10,-9.933801250517348,-7.111148851298998,-26.335731580423516,-21.74970708047006
beijing/synthetic_outage_h24,half_var_peer_ridge,-4.275646385953125,-9.233696155615112,11,11,-4.71999557510877,-3.662158242744651,-10.222561711443834,-8.16971693918781
beijing/synthetic_outage_h24,local_ridge,-7.542610172375119,-16.209335830908,9,8,-10.08793690031451,-6.403779565915501,-20.08966679980917,-12.046258406816124
beijing/legacy_native_h96,native_peer,-6.191722223745866,-20.31737789756326,10,12,-6.823591592274414,-5.41259422583511,-21.295454308017593,-19.364558302701006
beijing/legacy_native_h96,native_long_prefix_peer,1.68015847126044,-8.072064011501412,4,12,1.2217045141432514,2.3074854379291576,-8.595043473028651,-7.3640731043209335
beijing/legacy_native_h96,native_long_prefix_targets,2.5434682807160547,-6.18212757433766,3,11,1.9587388695860186,2.8975795254966297,-7.132386908188271,-5.2984604015427035
beijing/legacy_native_h96,linear_var_direct,-7.336794206807184,-2.5275442738647125,12,8,-7.818575037933984,-6.96638713365828,-3.2431966407050483,-2.0517407192619075
beijing/legacy_native_h96,half_var_native_long_prefix_peer,0.01593167696642972,0.15295298466566631,3,4,3.322346584511138e-05,0.0676740608586135,0.10643838923882765,0.1877588667040797
beijing/legacy_native_h96,half_var_native_long_prefix_targets,0.5799036045769368,1.2093366863629385,4,5,0.35980945832223554,0.7751750485660125,0.7254560999977011,1.7540029843953642
beijing/legacy_native_h96,half_var_target_knn_multivariate,-2.9166465879469694,-6.844605011167227,11,11,-3.1953948471258653,-2.677724474434262,-7.35260497069512,-6.396699910940562
beijing/legacy_native_h96,long_repair_gaussian_peer,1.6679532305058364,-8.336705346531204,4,12,1.199018013359865,2.2489736366651636,-8.905498412054824,-7.607423600645557
beijing/legacy_native_h96,half_var_long_repair_gaussian_peer,-0.01194524942795816,-0.006384305969653337,5,6,-0.014772485042824357,0.0029157266645318813,-0.009788815058975331,0.00555875502823433
beijing/legacy_native_h96,half_var_long_repair_knn_multivariate_peer,0.023127521717092314,-0.02676471326784613,6,8,0.009221002962567226,0.029811903973153697,-0.03449119683333057,-0.01357250233396945
beijing/legacy_native_h96,long_repair_local_ridge_targets,1.7100320478505182,-7.232928439831909,3,11,1.1492044895223597,2.1779421091731033,-8.012708436253513,-6.348958988531905
beijing/legacy_native_h96,corruption_lora,-5.526149750223475,-16.62207966420759,10,12,-6.243078561318538,-4.603653806710395,-18.195398911683437,-14.135616210706804
beijing/legacy_native_h96,peer_ridge,-7.310643586807175,-22.820171285646516,10,12,-8.246236618019553,-6.50781738974362,-24.13852775785901,-21.55029851656729
beijing/legacy_native_h96,half_var_peer_ridge,-2.7231536660301536,-6.369425795906613,11,11,-3.0111479537902497,-2.457432981222296,-6.899216509189809,-5.852204159623953
beijing/legacy_native_h96,local_ridge,-7.675640041375953,-23.488466516579788,10,12,-8.64210027412955,-6.581234648922618,-24.85617113207471,-21.564045697251586
